model,phase,call_order,requested_tokens,counted_input_tokens,accepted,usage_input_tokens,error_code,total_s
gpt-6.1-sol,coarse_probe,1,850000,,true,852713,,17.57
gpt-6.1-sol,coarse_probe,2,600000,,true,600050,,12.63
gpt-6.1-sol,coarse_probe,3,400000,,true,399699,,8.56
gpt-6.1-sol,coarse_probe,4,950000,,false,,context_length_exceeded,5.45
gpt-6.1-sol,coarse_probe,5,1030000,,false,,context_length_exceeded,7.07
gpt-6.1-sol,coarse_probe,6,1100000,,false,,context_length_exceeded,6.71
gpt-6.1-sol,coarse_probe,7,1300000,,false,,context_length_exceeded,8.25
gpt-6.1-sol,bisect,8,900000,,true,899049,,17.98
gpt-6.1-sol,bisect,9,925000,,false,,context_length_exceeded,6.01
gpt-6.1-sol,bisect,10,912500,,true,907924,,18.9
gpt-6.1-sol,bisect,11,918800,,true,920275,,18.06
gpt-6.1-sol,bisect,12,921900,,false,,context_length_exceeded,6.36
gpt-6.1-sol,bisect,13,920300,,false,,context_length_exceeded,5.93
gpt-6.1-sol,exact,14,921000,921000,true,921000,,17.76
gpt-6.1-sol,exact,15,921990,921990,false,,context_length_exceeded,6.83
gpt-6.1-sol,exact,16,922000,921999,false,,context_length_exceeded,5.78
gpt-6.1-sol,exact,17,922010,922010,false,,context_length_exceeded,6.23
gpt-6.1-sol,exact,18,922500,922500,false,,context_length_exceeded,7.38
gpt-6.1-sol,exact,19,921500,921500,true,921500,,19.92
gpt-6.1-sol,exact,20,921750,921749,true,921749,,20.67
gpt-6.1-sol,exact,21,921250,921250,true,921250,,18.43
gpt-6.1-sol,exact,22,921870,921870,false,,context_length_exceeded,5.33
gpt-6.1-sol,exact,23,921930,921929,false,,context_length_exceeded,5.91
gpt-6.1-sol,exact,24,921960,921960,false,,context_length_exceeded,5.99
gpt-6.1-sol,exact,25,921810,921810,true,921810,,19.98
gpt-6.1-sol,exact,26,921780,921780,true,921780,,18.51
gpt-6.1-sol,exact,27,921840,921839,true,921839,,18.96
gpt-6.1-sol,exact,28,921855,921855,true,921855,,19.41
gpt-6.1-sol,exact,29,921848,921848,true,921848,,19.25
gpt-6.1-sol,exact,30,921862,919074,true,919074,,18.13
gpt-6.1-sol,exact,31,921862,921862,false,,context_length_exceeded,5.54
gpt-6.1-sol,exact,32,921858,921858,true,921858,,18.3
gpt-6.1-sol,exact,33,921866,921866,false,,context_length_exceeded,5.64
gpt-6.1-sol,exact,34,921860,921860,false,,context_length_exceeded,5.58
gpt-6.1-sol,exact,35,921861,921861,false,,context_length_exceeded,5.62
gpt-6.1-sol,exact,36,921859,921859,false,,context_length_exceeded,6.75
gpt-6-sol,exact,1,921858,921857,true,921857,,28.52
gpt-6-sol,exact,2,921859,921859,false,,context_length_exceeded,5.26
gpt-6-sol,exact,3,272000,272000,true,272000,,6.82
gpt-6-astra,exact,1,921858,921858,true,921858,,33.75
gpt-6-astra,exact,2,921859,921859,false,,context_length_exceeded,6.81
gpt-6-astra,exact,3,272000,272000,true,272000,,8.69
