model,experiment,target_tokens,actual_input_tokens,depth_pct,rep,found,ttft_s,total_s,effort
gpt-6.1-sol,ladder,16000,16461,0,0,true,2.11,2.51,low
gpt-6.1-sol,ladder,16000,16300,0,1,true,2.71,3.1,low
gpt-6.1-sol,ladder,16000,16860,0,2,true,1.98,2.31,low
gpt-6.1-sol,ladder,16000,16407,25,0,true,2.35,2.63,low
gpt-6.1-sol,ladder,16000,16322,25,1,true,2.02,2.32,low
gpt-6.1-sol,ladder,16000,16386,25,2,true,2.2,2.48,low
gpt-6.1-sol,ladder,16000,16775,50,0,true,2.59,2.93,low
gpt-6.1-sol,ladder,16000,16135,50,1,true,2.01,2.32,low
gpt-6.1-sol,ladder,16000,15462,50,2,true,1.78,2.61,low
gpt-6.1-sol,ladder,16000,16264,75,0,true,2.21,2.45,low
gpt-6.1-sol,ladder,16000,16351,75,1,true,2.13,2.53,low
gpt-6.1-sol,ladder,16000,15976,75,2,true,1.65,1.99,low
gpt-6.1-sol,ladder,16000,16260,100,0,true,2.52,2.89,low
gpt-6.1-sol,ladder,16000,16235,100,1,true,2.21,2.54,low
gpt-6.1-sol,ladder,16000,15456,100,2,true,5.09,5.38,low
gpt-6.1-sol,ladder,64000,62965,0,0,true,5.75,6.08,low
gpt-6.1-sol,ladder,64000,63570,0,1,true,2.35,2.69,low
gpt-6.1-sol,ladder,64000,63970,0,2,true,2.27,2.63,low
gpt-6.1-sol,ladder,64000,64359,25,0,true,2.78,3.13,low
gpt-6.1-sol,ladder,64000,63122,25,1,true,2.41,3.77,low
gpt-6.1-sol,ladder,64000,63998,25,2,true,2.53,2.81,low
gpt-6.1-sol,ladder,64000,64301,50,0,true,3.19,3.63,low
gpt-6.1-sol,ladder,64000,62371,50,1,true,2.55,2.86,low
gpt-6.1-sol,ladder,64000,64411,50,2,true,2.41,3.0,low
gpt-6.1-sol,ladder,64000,64543,75,0,true,2.93,3.28,low
gpt-6.1-sol,ladder,64000,64656,75,1,true,2.39,2.68,low
gpt-6.1-sol,ladder,64000,64300,75,2,true,2.79,3.15,low
gpt-6.1-sol,ladder,64000,64735,100,0,true,3.01,3.42,low
gpt-6.1-sol,ladder,64000,64101,100,1,true,2.61,3.01,low
gpt-6.1-sol,ladder,64000,63854,100,2,true,3.97,4.32,low
gpt-6.1-sol,ladder,128000,127798,0,0,true,6.97,7.6,low
gpt-6.1-sol,ladder,128000,126857,0,1,true,3.12,3.51,low
gpt-6.1-sol,ladder,128000,129470,0,2,true,3.01,3.41,low
gpt-6.1-sol,ladder,128000,126864,25,0,true,4.11,4.55,low
gpt-6.1-sol,ladder,128000,128291,25,1,true,3.24,3.64,low
gpt-6.1-sol,ladder,128000,129652,25,2,true,3.61,4.11,low
gpt-6.1-sol,ladder,128000,126328,50,0,true,4.85,5.27,low
gpt-6.1-sol,ladder,128000,128840,50,1,true,3.85,4.33,low
gpt-6.1-sol,ladder,128000,128457,50,2,true,3.16,3.67,low
gpt-6.1-sol,ladder,128000,127320,75,0,true,4.17,4.6,low
gpt-6.1-sol,ladder,128000,128282,75,1,true,3.02,3.5,low
gpt-6.1-sol,ladder,128000,129397,75,2,true,4.23,4.44,low
gpt-6.1-sol,ladder,128000,128307,100,0,true,3.26,3.66,low
gpt-6.1-sol,ladder,128000,129236,100,1,true,3.32,3.59,low
gpt-6.1-sol,ladder,128000,128808,100,2,true,2.91,3.61,low
gpt-6.1-sol,ladder,200000,200562,0,0,true,5.01,5.49,low
gpt-6.1-sol,ladder,200000,200540,0,1,true,4.42,5.35,low
gpt-6.1-sol,ladder,200000,199598,0,2,true,4.71,5.58,low
gpt-6.1-sol,ladder,200000,200043,25,0,true,5.23,6.02,low
gpt-6.1-sol,ladder,200000,201006,25,1,true,5.89,6.48,low
gpt-6.1-sol,ladder,200000,201568,25,2,true,6.07,6.62,low
gpt-6.1-sol,ladder,200000,201675,50,0,true,6.12,6.59,low
gpt-6.1-sol,ladder,200000,200040,50,1,true,4.99,5.57,low
gpt-6.1-sol,ladder,200000,200560,50,2,true,5.06,5.56,low
gpt-6.1-sol,ladder,200000,197694,75,0,true,4.62,5.22,low
gpt-6.1-sol,ladder,200000,199903,75,1,true,5.8,6.38,low
gpt-6.1-sol,ladder,200000,201670,75,2,true,6.27,6.78,low
gpt-6.1-sol,ladder,200000,200509,100,0,true,4.78,5.3,low
gpt-6.1-sol,ladder,200000,199205,100,1,true,4.9,5.51,low
gpt-6.1-sol,ladder,200000,200248,100,2,true,4.07,4.7,low
gpt-6.1-sol,ladder,256000,256573,0,0,true,6.86,7.42,low
gpt-6.1-sol,ladder,256000,255516,0,1,true,4.76,5.33,low
gpt-6.1-sol,ladder,256000,255726,0,2,true,5.9,6.5,low
gpt-6.1-sol,ladder,256000,258293,25,0,true,7.27,7.88,low
gpt-6.1-sol,ladder,256000,256541,25,1,true,4.76,5.41,low
gpt-6.1-sol,ladder,256000,254560,25,2,true,5.58,6.03,low
gpt-6.1-sol,ladder,256000,255091,50,0,true,5.75,6.31,low
gpt-6.1-sol,ladder,256000,256957,50,1,true,7.91,8.48,low
gpt-6.1-sol,ladder,256000,255421,50,2,true,5.42,6.05,low
gpt-6.1-sol,ladder,256000,256200,75,0,true,5.85,6.54,low
gpt-6.1-sol,ladder,256000,257336,75,1,true,5.03,5.71,low
gpt-6.1-sol,ladder,256000,254613,75,2,true,6.57,7.13,low
gpt-6.1-sol,ladder,256000,257339,100,0,true,5.24,7.83,low
gpt-6.1-sol,ladder,256000,255919,100,1,true,4.62,5.39,low
gpt-6.1-sol,ladder,256000,255383,100,2,true,4.93,5.63,low
gpt-6.1-sol,ladder,400000,397405,0,0,true,8.68,9.52,low
gpt-6.1-sol,ladder,400000,399701,25,0,true,9.17,10.08,low
gpt-6.1-sol,coarse_probe,400000,399699,50,0,true,7.83,8.56,low
gpt-6.1-sol,ladder,400000,399659,50,0,true,7.64,8.0,low
gpt-6.1-sol,ladder,400000,397694,75,0,true,8.09,8.93,low
gpt-6.1-sol,ladder,400000,400158,100,0,true,8.56,9.24,low
gpt-6.1-sol,ladder,600000,602005,0,0,true,12.65,13.36,low
gpt-6.1-sol,ladder,600000,600044,25,0,true,15.22,16.6,low
gpt-6.1-sol,coarse_probe,600000,600050,50,0,true,11.5,12.63,low
gpt-6.1-sol,ladder,600000,601427,50,0,true,11.29,12.56,low
gpt-6.1-sol,ladder,600000,598275,75,0,true,11.21,12.44,low
gpt-6.1-sol,ladder,600000,600294,100,0,true,11.97,12.97,low
gpt-6.1-sol,ladder,850000,849320,0,0,true,15.13,16.7,low
gpt-6.1-sol,ladder,850000,849906,25,0,true,18.37,19.12,low
gpt-6.1-sol,coarse_probe,850000,852713,50,0,true,15.99,17.57,low
gpt-6.1-sol,ladder,850000,846781,50,0,true,17.09,18.03,low
gpt-6.1-sol,ladder,850000,849731,75,0,true,14.75,15.51,low
gpt-6.1-sol,ladder,850000,847216,100,0,true,15.48,16.29,low
gpt-6.1-sol,ladder,915000,916888,0,0,true,17.29,18.08,low
gpt-6.1-sol,ladder,915000,912026,25,0,true,19.2,20.99,low
gpt-6.1-sol,ladder,915000,913778,50,0,true,15.61,17.33,low
gpt-6.1-sol,ladder,915000,913833,75,0,true,15.71,17.36,low
gpt-6.1-sol,ladder,915000,914787,100,0,true,16.33,17.23,low
gpt-6-astra,ladder_compare,128000,130109,0,0,true,3.8,4.28,low
gpt-6-astra,ladder_compare,128000,129772,25,0,true,7.54,8.05,low
gpt-6-astra,ladder_compare,128000,127655,50,0,true,4.07,4.51,low
gpt-6-astra,ladder_compare,128000,127690,75,0,true,4.28,4.7,low
gpt-6-astra,ladder_compare,128000,127313,100,0,true,4.37,4.9,low
gpt-6-astra,ladder_compare,256000,257044,0,0,true,8.71,9.07,low
gpt-6-astra,ladder_compare,256000,256921,25,0,true,6.45,6.98,low
gpt-6-astra,ladder_compare,256000,255927,50,0,true,7.42,7.87,low
gpt-6-astra,ladder_compare,256000,255238,75,0,true,7.33,8.09,low
gpt-6-astra,ladder_compare,256000,257886,100,0,true,6.82,7.42,low
gpt-6-astra,ladder_compare,915000,916606,0,0,true,37.69,38.92,low
gpt-6-astra,ladder_compare,915000,916180,25,0,true,31.02,32.72,low
gpt-6-astra,ladder_compare,915000,913143,50,0,true,31.06,32.05,low
gpt-6-astra,ladder_compare,915000,915863,75,0,true,33.59,34.72,low
gpt-6-astra,ladder_compare,915000,913775,100,0,true,31.61,32.71,low
gpt-6-sol,ladder_compare,128000,126158,0,0,true,3.32,3.75,low
gpt-6-sol,ladder_compare,128000,128726,25,0,true,2.75,3.14,low
gpt-6-sol,ladder_compare,128000,127300,50,0,true,2.68,3.06,low
gpt-6-sol,ladder_compare,128000,126385,75,0,true,2.75,3.09,low
gpt-6-sol,ladder_compare,128000,127226,100,0,true,3.01,3.29,low
gpt-6-sol,ladder_compare,256000,254510,0,0,true,6.02,6.57,low
gpt-6-sol,ladder_compare,256000,255817,25,0,true,5.44,5.97,low
gpt-6-sol,ladder_compare,256000,257465,50,0,true,6.16,6.66,low
gpt-6-sol,ladder_compare,256000,255166,75,0,true,5.13,5.38,low
gpt-6-sol,ladder_compare,256000,257804,100,0,true,4.63,5.16,low
gpt-6-sol,ladder_compare,915000,914578,0,0,true,24.05,25.63,low
gpt-6-sol,ladder_compare,915000,914417,25,0,true,27.06,27.87,low
gpt-6-sol,ladder_compare,915000,914932,50,0,true,24.62,25.63,low
gpt-6-sol,ladder_compare,915000,915722,75,0,true,30.49,31.41,low
gpt-6-sol,ladder_compare,915000,916355,100,0,true,23.84,25.58,low
