model,task,target_tokens,rep,valid,actual_input_tokens,needles_found,needles_total,correct,expected_sum,parsed_sum,abs_error,error_equals_one_dropped_entry,hard_niah_verdict,reasoning_tokens,total_s,effort
gpt-6.1-sol,multi_needle_5,128000,0,true,127474,5,5,true,,,,,,0,9.44,medium
gpt-6.1-sol,multi_needle_5,128000,1,true,129064,5,5,true,,,,,,0,6.55,medium
gpt-6.1-sol,multi_needle_5,128000,2,true,127607,5,5,true,,,,,,0,5.52,medium
gpt-6-sol,multi_needle_5,128000,0,true,129276,5,5,true,,,,,,0,4.15,medium
gpt-6-sol,multi_needle_5,128000,1,true,127703,5,5,true,,,,,,0,4.62,medium
gpt-6-sol,multi_needle_5,128000,2,true,128926,5,5,true,,,,,,0,3.91,medium
gpt-6-astra,multi_needle_5,128000,0,true,126711,5,5,true,,,,,,0,6.78,medium
gpt-6-astra,multi_needle_5,128000,1,true,127941,5,5,true,,,,,,0,6.22,medium
gpt-6-astra,multi_needle_5,128000,2,true,127959,5,5,true,,,,,,0,5.54,medium
gpt-6.1-sol,multi_needle_5,400000,0,false,,,5,,,,,,,,,medium
gpt-6.1-sol,multi_needle_5,400000,1,true,398298,5,5,true,,,,,,0,12.14,medium
gpt-6.1-sol,multi_needle_5,400000,2,true,398972,5,5,true,,,,,,0,14.49,medium
gpt-6.1-sol,multi_needle_5,900000,0,true,900096,5,5,true,,,,,,0,22.72,medium
gpt-6.1-sol,multi_needle_5,900000,1,true,900502,5,5,true,,,,,,0,19.75,medium
gpt-6-sol,multi_needle_5,900000,0,true,903037,5,5,true,,,,,,50,28.51,medium
gpt-6-sol,multi_needle_5,900000,1,true,902587,5,5,true,,,,,,0,24.47,medium
gpt-6-astra,multi_needle_5,900000,0,true,902565,5,5,true,,,,,,0,32.55,medium
gpt-6-astra,multi_needle_5,900000,1,true,899830,5,5,true,,,,,,0,33.57,medium
gpt-6.1-sol,aggregate_sum_20,128000,0,true,129137,,,true,10286,10286,0,false,,157,9.91,medium
gpt-6.1-sol,aggregate_sum_20,128000,1,true,129127,,,true,11501,11501,0,false,,192,9.71,medium
gpt-6.1-sol,aggregate_sum_20,128000,2,true,129054,,,true,12250,12250,0,false,,194,10.12,medium
gpt-6-sol,aggregate_sum_20,128000,0,true,128854,,,true,10134,10134,0,false,,246,8.24,medium
gpt-6-sol,aggregate_sum_20,128000,1,true,129071,,,false,11413,11066,347,true,,179,6.32,medium
gpt-6-sol,aggregate_sum_20,128000,2,true,128256,,,true,11855,11855,0,false,,172,6.72,medium
gpt-6-astra,aggregate_sum_20,128000,0,true,127794,,,true,11765,11765,0,false,,185,9.71,medium
gpt-6-astra,aggregate_sum_20,128000,1,true,128149,,,true,12099,12099,0,false,,131,8.8,medium
gpt-6-astra,aggregate_sum_20,128000,2,true,128139,,,true,8154,8154,0,false,,167,10.32,medium
gpt-6.1-sol,aggregate_sum_20,400000,0,false,,,,,11361,,,,,,,medium
gpt-6.1-sol,aggregate_sum_20,400000,1,true,401113,,,true,10895,10895,0,false,,182,16.38,medium
gpt-6.1-sol,aggregate_sum_20,400000,2,true,404248,,,true,10766,10766,0,false,,166,16.89,medium
gpt-6.1-sol,aggregate_sum_20,900000,0,true,901337,,,true,8841,8841,0,false,,181,26.91,medium
gpt-6.1-sol,aggregate_sum_20,900000,1,true,899927,,,true,10067,10067,0,false,,146,26.96,medium
gpt-6-sol,aggregate_sum_20,900000,0,true,898548,,,true,11487,11487,0,false,,164,26.69,medium
gpt-6-sol,aggregate_sum_20,900000,1,true,895394,,,true,10724,10724,0,false,,261,31.58,medium
gpt-6-astra,aggregate_sum_20,900000,0,true,898501,,,true,9550,9550,0,false,,181,36.18,medium
gpt-6-astra,aggregate_sum_20,900000,1,true,901993,,,false,12837,12274,563,true,,197,39.22,medium
gpt-6.1-sol,hard_niah_update,128000,0,true,130419,,,true,,,,,correct,0,5.19,low
gpt-6.1-sol,hard_niah_update,128000,1,true,129977,,,true,,,,,correct,0,4.4,low
gpt-6.1-sol,hard_niah_update,128000,2,true,127306,,,true,,,,,correct,0,3.64,low
gpt-6-sol,hard_niah_update,128000,0,true,128917,,,true,,,,,correct,0,4.4,low
gpt-6-sol,hard_niah_update,128000,1,true,127913,,,true,,,,,correct,0,7.36,low
gpt-6-sol,hard_niah_update,128000,2,true,129485,,,true,,,,,correct,0,6.12,low
gpt-6-astra,hard_niah_update,128000,0,true,128945,,,true,,,,,correct,0,4.47,low
gpt-6-astra,hard_niah_update,128000,1,true,130038,,,true,,,,,correct,0,5.85,low
gpt-6-astra,hard_niah_update,128000,2,true,129444,,,true,,,,,correct,0,5.82,low
gpt-6.1-sol,hard_niah_update,850000,0,true,848367,,,true,,,,,correct,0,21.46,low
gpt-6.1-sol,hard_niah_update,850000,1,true,851018,,,true,,,,,correct,0,18.15,low
gpt-6-sol,hard_niah_update,850000,0,true,854827,,,true,,,,,correct,0,25.95,low
gpt-6-sol,hard_niah_update,850000,1,true,854246,,,true,,,,,correct,0,29.65,low
gpt-6-astra,hard_niah_update,850000,0,true,850838,,,true,,,,,correct,0,30.61,low
gpt-6-astra,hard_niah_update,850000,1,true,849771,,,true,,,,,correct,0,29.69,low
