repairer,mode,source_model,task_id,source_rep,trial,before_passed_tests,after_passed_tests,total_tests,after_pass,regressed,reasoning_tokens,latency_s
gpt-6.1-sol,cross,gpt-6-luna,x1_regex,0,0,9,15,15,1,0,197,64.86
gpt-6.1-sol,cross,gpt-6-luna,x1_regex,0,1,9,15,15,1,0,329,65.53
gpt-6.1-sol,cross,gpt-6-luna,x1_regex,1,0,12,15,15,1,0,127,60.46
gpt-6.1-sol,cross,gpt-6-luna,x1_regex,1,1,12,15,15,1,0,180,61.77
gpt-6.1-sol,cross,gpt-6-luna,x3_asm,0,0,9,15,15,1,0,36,39.36
gpt-6.1-sol,cross,gpt-6-luna,x3_asm,0,1,9,15,15,1,0,0,35.34
gpt-6.1-sol,cross,gpt-6-luna,x3_asm,1,0,9,15,15,1,0,78,44.44
gpt-6.1-sol,cross,gpt-6-luna,x3_asm,1,1,9,15,15,1,0,0,36.86
gpt-6.1-sol,cross,gpt-6-luna,x9_spreadsheet,0,0,13,15,15,1,0,188,61.59
gpt-6.1-sol,cross,gpt-6-luna,x9_spreadsheet,0,1,13,15,15,1,0,226,70.91
gpt-6.1-sol,cross,gpt-6-luna,x9_spreadsheet,1,0,11,15,15,1,0,247,59.65
gpt-6.1-sol,cross,gpt-6-luna,x9_spreadsheet,1,1,11,15,15,1,0,209,73.75
gpt-6.1-sol,cross,gpt-6-sol,x7_sliding_median,0,0,9,11,11,1,0,249,29.32
gpt-6.1-sol,cross,gpt-6-sol,x7_sliding_median,0,1,9,11,11,1,0,230,29.2
gpt-6-astra,cross,gpt-6-luna,x1_regex,0,0,9,15,15,1,0,138,52.93
gpt-6-astra,cross,gpt-6-luna,x1_regex,0,1,9,15,15,1,0,103,50.57
gpt-6-astra,cross,gpt-6-luna,x1_regex,1,0,12,15,15,1,0,60,52.45
gpt-6-astra,cross,gpt-6-luna,x1_regex,1,1,12,15,15,1,0,64,49.58
gpt-6-astra,cross,gpt-6-luna,x3_asm,0,0,9,15,15,1,0,0,33.26
gpt-6-astra,cross,gpt-6-luna,x3_asm,0,1,9,15,15,1,0,0,36.0
gpt-6-astra,cross,gpt-6-luna,x3_asm,1,0,9,15,15,1,0,0,36.96
gpt-6-astra,cross,gpt-6-luna,x3_asm,1,1,9,15,15,1,0,0,18.51
gpt-6-astra,cross,gpt-6-luna,x9_spreadsheet,0,0,13,15,15,1,0,89,50.25
gpt-6-astra,cross,gpt-6-luna,x9_spreadsheet,0,1,13,15,15,1,0,83,53.26
gpt-6-astra,cross,gpt-6-luna,x9_spreadsheet,1,0,11,15,15,1,0,96,51.15
gpt-6-astra,cross,gpt-6-luna,x9_spreadsheet,1,1,11,15,15,1,0,97,50.73
gpt-6-astra,cross,gpt-6-sol,x7_sliding_median,0,0,9,11,11,1,0,139,25.57
gpt-6-astra,cross,gpt-6-sol,x7_sliding_median,0,1,9,11,11,1,0,113,26.19
gpt-6-sol,self,gpt-6-sol,x7_sliding_median,0,0,9,11,11,1,0,516,24.39
gpt-6-sol,self,gpt-6-sol,x7_sliding_median,0,1,9,11,11,1,0,291,20.44
gpt-6-luna,self,gpt-6-luna,x1_regex,0,0,9,4,15,0,1,270,101.74
gpt-6-luna,self,gpt-6-luna,x1_regex,0,1,9,15,15,1,0,508,39.95
gpt-6-luna,self,gpt-6-luna,x1_regex,1,0,12,8,15,0,1,415,51.71
gpt-6-luna,self,gpt-6-luna,x1_regex,1,1,12,15,15,1,0,638,46.58
gpt-6-luna,self,gpt-6-luna,x3_asm,0,0,9,15,15,1,0,194,35.52
gpt-6-luna,self,gpt-6-luna,x3_asm,0,1,9,15,15,1,0,86,24.2
gpt-6-luna,self,gpt-6-luna,x3_asm,1,0,9,15,15,1,0,58,23.04
gpt-6-luna,self,gpt-6-luna,x3_asm,1,1,9,15,15,1,0,109,26.04
gpt-6-luna,self,gpt-6-luna,x9_spreadsheet,0,0,13,15,15,1,0,134,37.29
gpt-6-luna,self,gpt-6-luna,x9_spreadsheet,0,1,13,15,15,1,0,0,31.5
gpt-6-luna,self,gpt-6-luna,x9_spreadsheet,1,0,11,15,15,1,0,136,47.62
gpt-6-luna,self,gpt-6-luna,x9_spreadsheet,1,1,11,15,15,1,0,135,32.4
